frame_id,strategy,block_id,class_id,confidence,x1,y1,x2,y2
1,full_frame_reference,full,2,0.6687,1393.02,1176.00,1782.38,1344.32
1,full_frame_reference,full,7,0.6630,2.72,1090.76,340.01,1335.14
1,full_frame_reference,full,2,0.3379,349.54,1167.41,587.44,1277.57
1,full_frame_reference,full,2,0.3378,1174.90,1152.72,1480.76,1287.30
1,full_frame_reference,full,2,0.2805,436.27,1175.41,589.77,1276.42
1,spatial_dsl,r1c1,2,0.8937,1399.43,1177.61,1785.63,1343.32
1,spatial_dsl,r1c1,2,0.5260,1280.00,1152.03,1482.69,1289.21
2,full_frame_reference,full,2,0.7706,1370.86,1179.78,1748.31,1342.69
2,full_frame_reference,full,7,0.6501,1.55,1092.84,314.29,1354.00
2,full_frame_reference,full,2,0.4879,1176.82,1152.83,1495.42,1281.59
2,full_frame_reference,full,2,0.3717,331.35,1164.19,592.67,1280.94
2,spatial_dsl,r1c0,2,0.7583,1180.25,1173.51,1279.26,1279.69
2,spatial_dsl,r1c0,7,0.7485,1.92,1091.58,311.05,1333.97
2,spatial_dsl,r1c0,2,0.7475,384.81,1176.96,600.75,1279.70
2,spatial_dsl,r1c0,0,0.4529,340.35,1163.79,382.08,1273.59
2,spatial_dsl,r1c0,0,0.3718,628.37,1182.23,672.85,1280.59
2,spatial_dsl,r1c1,2,0.8836,1370.75,1176.60,1751.53,1344.89
2,spatial_dsl,r1c1,2,0.3690,1280.00,1151.19,1490.55,1280.88
3,full_frame_reference,full,2,0.6556,1340.74,1178.45,1710.02,1339.36
3,full_frame_reference,full,7,0.6165,3.03,1094.28,295.40,1332.20
3,full_frame_reference,full,2,0.5870,1167.90,1152.76,1491.38,1289.87
3,full_frame_reference,full,2,0.3470,344.40,1163.69,595.32,1279.15
3,full_frame_reference,full,2,0.2724,434.66,1174.04,596.11,1276.08
3,spatial_dsl,r1c0,7,0.7572,2.71,1092.61,304.64,1333.52
3,spatial_dsl,r1c0,2,0.7060,343.81,1175.73,610.09,1279.46
3,spatial_dsl,r1c0,2,0.6949,1180.49,1184.02,1279.26,1279.59
3,spatial_dsl,r1c0,0,0.3831,338.99,1165.47,385.24,1272.14
3,spatial_dsl,r1c1,2,0.8951,1336.90,1178.74,1710.18,1343.31
3,spatial_dsl,r1c1,2,0.2715,1280.72,1151.49,1511.94,1272.24
4,full_frame_reference,full,7,0.6133,2.47,1095.35,270.09,1334.36
4,full_frame_reference,full,2,0.5965,1302.88,1186.78,1677.53,1337.85
4,full_frame_reference,full,2,0.5685,1173.63,1154.45,1477.56,1281.64
4,spatial_dsl,r1c0,7,0.7450,2.15,1094.94,268.22,1330.71
4,spatial_dsl,r1c0,2,0.6986,1186.57,1181.46,1279.29,1278.86
4,spatial_dsl,r1c0,2,0.6545,335.38,1175.48,611.86,1279.96
4,spatial_dsl,r1c0,0,0.2819,629.30,1179.73,674.97,1279.48
4,spatial_dsl,r1c0,0,0.2712,342.31,1166.20,390.21,1268.40
4,spatial_dsl,r1c1,2,0.8380,1306.10,1179.94,1676.43,1340.54
4,spatial_dsl,r1c1,2,0.4389,1280.89,1150.66,1495.80,1270.15
5,full_frame_reference,full,2,0.7390,1272.12,1178.45,1641.62,1341.32
5,full_frame_reference,full,7,0.6965,2.33,1094.50,259.61,1329.69
5,full_frame_reference,full,2,0.4905,1175.11,1156.93,1446.31,1279.68
5,full_frame_reference,full,2,0.3699,472.46,1176.76,610.90,1276.41
5,full_frame_reference,full,2,0.3609,3758.78,1200.42,3838.68,1346.47
5,full_frame_reference,full,2,0.3136,352.35,1165.98,609.15,1279.80
5,full_frame_reference,full,2,0.3097,422.51,1172.63,608.60,1277.53
5,spatial_dsl,r1c0,7,0.6663,0.47,1095.23,256.18,1330.09
5,spatial_dsl,r1c0,2,0.6441,388.44,1176.07,603.42,1277.83
5,spatial_dsl,r1c0,2,0.6325,1184.50,1192.16,1279.26,1279.68
5,spatial_dsl,r1c1,2,0.8465,1281.37,1180.38,1641.65,1338.62
6,full_frame_reference,full,2,0.8289,1227.11,1167.90,1609.65,1342.86
6,full_frame_reference,full,2,0.5671,3704.65,1178.85,3838.87,1366.06
6,full_frame_reference,full,7,0.4223,0.77,1098.50,234.54,1329.33
6,full_frame_reference,full,2,0.3800,472.72,1178.86,607.92,1275.67
6,spatial_dsl,r1c0,7,0.6808,0.67,1092.62,236.95,1328.01
6,spatial_dsl,r1c0,2,0.6122,399.73,1175.54,608.29,1278.32
6,spatial_dsl,r1c0,2,0.4834,1187.45,1196.64,1278.46,1280.23
6,spatial_dsl,r1c0,2,0.4360,352.82,1174.36,573.58,1278.87
6,spatial_dsl,r1c0,2,0.3632,1186.55,1192.11,1278.96,1312.83
6,spatial_dsl,r1c1,2,0.8519,1280.00,1180.30,1607.47,1339.83
7,full_frame_reference,full,2,0.8031,1206.41,1169.51,1575.15,1338.32
7,full_frame_reference,full,2,0.5501,3629.88,1181.42,3838.78,1364.03
7,full_frame_reference,full,2,0.4395,471.81,1178.11,613.85,1275.54
7,full_frame_reference,full,7,0.3370,4.29,1096.93,211.77,1327.65
7,full_frame_reference,full,2,0.3218,360.31,1165.90,613.21,1279.75
7,spatial_dsl,r1c0,7,0.6516,0.79,1093.71,216.33,1328.43
7,spatial_dsl,r1c0,2,0.6360,404.87,1175.09,615.36,1275.20
7,spatial_dsl,r1c0,0,0.4842,351.64,1160.44,407.03,1274.11
7,spatial_dsl,r1c0,2,0.4548,1204.84,1186.92,1279.09,1333.55
7,spatial_dsl,r1c0,2,0.3649,1210.91,1226.65,1278.89,1335.15
7,spatial_dsl,r1c0,2,0.3474,1189.94,1189.44,1278.90,1269.28
7,spatial_dsl,r1c1,2,0.8784,1280.02,1180.37,1572.16,1338.24
8,full_frame_reference,full,2,0.6294,1170.12,1163.39,1541.50,1340.65
8,full_frame_reference,full,7,0.4178,3577.47,1173.11,3838.28,1368.11
8,full_frame_reference,full,2,0.3891,469.57,1180.14,616.44,1275.96
8,full_frame_reference,full,2,0.3873,413.72,1173.27,614.04,1277.63
8,full_frame_reference,full,7,0.3851,1.95,1095.31,198.71,1327.30
8,full_frame_reference,full,2,0.3711,3585.18,1185.87,3838.19,1368.48
8,full_frame_reference,full,2,0.3440,364.06,1165.28,616.66,1284.37
8,full_frame_reference,full,7,0.3357,3577.66,1092.53,3838.97,1366.08
8,spatial_dsl,r1c0,2,0.6916,408.57,1175.13,613.10,1273.84
8,spatial_dsl,r1c0,7,0.6343,0.83,1096.10,197.43,1333.98
8,spatial_dsl,r1c0,2,0.6031,1174.29,1191.40,1279.27,1336.37
8,spatial_dsl,r1c0,0,0.5918,360.85,1160.20,408.52,1274.97
8,spatial_dsl,r1c1,2,0.8519,1280.57,1175.78,1542.28,1338.38
8,spatial_dsl,r1c1,0,0.2756,1636.02,1159.44,1687.38,1286.93
9,full_frame_reference,full,2,0.7549,1147.56,1166.67,1504.33,1338.76
9,full_frame_reference,full,7,0.6176,3522.36,1099.94,3838.94,1366.99
9,full_frame_reference,full,2,0.4378,469.80,1178.64,623.05,1275.12
9,full_frame_reference,full,2,0.4265,3523.40,1099.82,3837.68,1365.60
9,full_frame_reference,full,2,0.4085,380.46,1167.61,619.75,1277.71
9,full_frame_reference,full,7,0.3078,0.16,1098.06,173.53,1367.37
9,spatial_dsl,r1c0,2,0.6768,1147.99,1184.11,1279.29,1338.10
9,spatial_dsl,r1c0,2,0.6559,410.07,1174.73,614.50,1273.59
9,spatial_dsl,r1c0,7,0.5239,0.39,1095.90,180.88,1328.59
9,spatial_dsl,r1c0,0,0.4761,364.66,1161.58,411.86,1271.87
9,spatial_dsl,r1c0,2,0.2877,372.36,1172.11,539.35,1273.54
9,spatial_dsl,r1c1,2,0.6441,1280.00,1178.21,1512.85,1337.30
10,full_frame_reference,full,2,0.8183,1110.24,1173.83,1485.23,1337.31
10,full_frame_reference,full,2,0.4882,365.92,1164.91,619.70,1280.11
10,full_frame_reference,full,7,0.4416,3442.51,1095.52,3838.50,1362.43
10,full_frame_reference,full,2,0.3900,3441.95,1094.80,3839.01,1356.63
10,full_frame_reference,full,2,0.3765,468.80,1177.51,618.20,1273.48
10,full_frame_reference,full,7,0.3110,0.78,1095.53,166.86,1396.39
10,spatial_dsl,r1c0,2,0.8275,1114.88,1183.47,1279.27,1337.98
10,spatial_dsl,r1c0,2,0.6919,411.02,1174.65,624.00,1272.47
10,spatial_dsl,r1c0,0,0.5487,369.70,1160.15,415.23,1278.85
10,spatial_dsl,r1c0,7,0.4979,0.19,1096.38,169.99,1394.81
10,spatial_dsl,r1c0,0,0.4534,635.75,1173.88,683.83,1279.53
10,spatial_dsl,r1c1,2,0.7419,1280.67,1179.23,1478.29,1336.80
11,full_frame_reference,full,2,0.7627,1082.02,1184.21,1447.89,1340.62
11,full_frame_reference,full,7,0.5917,3367.36,1087.84,3837.84,1362.04
11,full_frame_reference,full,2,0.4188,415.07,1171.57,621.37,1275.18
11,full_frame_reference,full,2,0.3549,469.10,1176.53,622.63,1273.41
11,full_frame_reference,full,7,0.3147,0.77,1098.08,155.47,1390.44
11,spatial_dsl,r1c0,2,0.8350,1086.05,1182.19,1279.02,1337.30
11,spatial_dsl,r1c0,2,0.6507,410.91,1174.74,624.16,1272.31
11,spatial_dsl,r1c0,7,0.3590,0.44,1099.26,153.14,1385.52
11,spatial_dsl,r1c0,0,0.3020,375.76,1162.51,417.91,1247.70
11,spatial_dsl,r1c0,2,0.2996,371.92,1172.73,561.68,1273.00
11,spatial_dsl,r1c0,0,0.2792,637.86,1177.45,683.63,1280.08
11,spatial_dsl,r1c0,0,0.2738,372.97,1161.99,418.66,1275.13
11,spatial_dsl,r1c1,2,0.7217,1280.56,1181.22,1446.31,1336.28
11,spatial_dsl,r1c1,0,0.3756,1645.62,1158.60,1694.38,1285.62
11,spatial_dsl,r1c1,2,0.3460,1333.83,1153.12,1538.81,1290.51
11,spatial_dsl,r1c1,7,0.3342,1281.26,1147.87,1538.97,1291.48
11,spatial_dsl,r1c2,7,0.6902,3369.20,1081.29,3839.67,1363.79
11,spatial_dsl,r1c2,7,0.3780,2560.00,960.17,3836.42,1260.97
12,full_frame_reference,full,2,0.8539,1047.91,1183.97,1413.31,1338.89
12,full_frame_reference,full,7,0.5583,3331.43,1087.49,3838.58,1362.44
12,full_frame_reference,full,7,0.4058,0.68,1099.85,136.57,1388.80
12,full_frame_reference,full,2,0.3658,374.08,1163.04,629.09,1279.28
12,full_frame_reference,full,6,0.2792,1419.48,949.12,3831.83,1299.42
12,spatial_dsl,r1c0,2,0.8707,1051.85,1181.96,1279.32,1335.97
12,spatial_dsl,r1c0,2,0.5611,366.82,1173.63,632.43,1272.77
12,spatial_dsl,r1c0,0,0.5190,642.26,1169.62,685.40,1276.99
12,spatial_dsl,r1c0,2,0.3632,374.91,1171.56,561.09,1271.39
12,spatial_dsl,r1c1,2,0.6770,1280.00,1180.50,1413.50,1334.97
12,spatial_dsl,r1c1,7,0.4527,1283.99,1145.70,1544.85,1289.61
12,spatial_dsl,r1c1,0,0.4255,1649.05,1159.07,1696.62,1286.40
12,spatial_dsl,r1c2,7,0.6680,3317.63,1069.08,3838.21,1368.38
12,spatial_dsl,r1c2,7,0.3395,2560.00,958.07,3834.15,1261.84
13,full_frame_reference,full,2,0.7163,1022.05,1185.67,1379.40,1339.21
13,full_frame_reference,full,7,0.6715,3276.21,1074.32,3838.64,1367.72
13,full_frame_reference,full,2,0.3469,392.04,1166.24,634.52,1276.86
13,full_frame_reference,full,2,0.3041,501.32,1176.22,634.94,1272.78
13,spatial_dsl,r1c0,2,0.8421,1023.44,1182.54,1278.82,1337.52
13,spatial_dsl,r1c0,2,0.5814,387.87,1173.94,632.23,1272.20
13,spatial_dsl,r1c0,0,0.4359,639.64,1168.83,686.32,1275.54
13,spatial_dsl,r1c0,7,0.3533,0.17,1099.54,112.43,1323.32
13,spatial_dsl,r1c1,2,0.5567,1280.90,1184.82,1380.65,1334.70
13,spatial_dsl,r1c1,7,0.5154,1288.22,1149.84,1538.05,1289.60
13,spatial_dsl,r1c1,0,0.4152,1649.59,1159.21,1697.29,1285.20
13,spatial_dsl,r1c2,7,0.6452,3251.25,1079.98,3838.80,1368.33
14,full_frame_reference,full,2,0.7326,987.21,1186.85,1345.20,1341.12
14,full_frame_reference,full,7,0.5415,3222.02,1073.32,3838.46,1369.19
14,full_frame_reference,full,2,0.3803,384.16,1163.74,633.60,1278.75
14,full_frame_reference,full,2,0.2637,497.37,1174.13,638.71,1273.55
14,spatial_dsl,r1c0,2,0.8265,992.35,1181.40,1276.53,1337.19
14,spatial_dsl,r1c0,2,0.6106,376.55,1174.14,638.37,1273.28
14,spatial_dsl,r1c0,0,0.4528,642.64,1171.10,689.02,1275.60
14,spatial_dsl,r1c0,7,0.3158,0.67,1100.49,104.50,1324.58
14,spatial_dsl,r1c1,2,0.7551,1280.00,1188.00,1354.70,1334.44
14,spatial_dsl,r1c1,0,0.5522,1651.69,1157.52,1701.42,1284.74
14,spatial_dsl,r1c1,2,0.4021,1288.05,1147.26,1537.69,1289.45
14,spatial_dsl,r1c1,7,0.3809,1281.82,1147.95,1540.52,1290.14
14,spatial_dsl,r1c2,7,0.6056,3194.13,1082.76,3838.54,1369.67
15,full_frame_reference,full,2,0.6756,962.55,1188.16,1319.22,1336.12
15,full_frame_reference,full,7,0.5460,3151.62,1064.46,3838.33,1367.01
15,full_frame_reference,full,2,0.4846,378.13,1153.37,637.39,1279.72
15,full_frame_reference,full,2,0.3061,1290.22,1150.64,1535.93,1290.20
15,spatial_dsl,r1c0,2,0.8539,961.29,1183.31,1278.78,1337.37
15,spatial_dsl,r1c0,2,0.6408,388.36,1174.05,639.32,1273.82
15,spatial_dsl,r1c0,7,0.3515,0.47,1104.00,80.60,1310.51
15,spatial_dsl,r1c1,2,0.7098,1280.00,1149.05,1543.26,1289.53
15,spatial_dsl,r1c1,2,0.6622,1280.10,1210.20,1321.35,1330.79
15,spatial_dsl,r1c1,0,0.2550,1656.69,1157.90,1704.07,1283.95
15,spatial_dsl,r1c2,7,0.6921,3139.13,1065.51,3838.07,1367.78
16,full_frame_reference,full,2,0.7021,927.30,1188.73,1294.06,1334.58
16,full_frame_reference,full,2,0.5247,3098.26,1074.61,3813.82,1363.53
16,full_frame_reference,full,2,0.4782,1263.71,1147.03,1519.43,1289.99
16,full_frame_reference,full,2,0.4746,396.72,1164.90,640.13,1278.10
16,full_frame_reference,full,0,0.3026,324.20,1102.88,356.59,1201.06
16,full_frame_reference,full,2,0.2745,450.74,1171.77,644.27,1271.08
16,full_frame_reference,full,2,0.2582,513.78,1174.27,643.80,1270.65
16,spatial_dsl,r1c0,2,0.8608,926.56,1183.37,1280.00,1338.43
16,spatial_dsl,r1c0,2,0.7043,396.45,1173.59,640.24,1274.02
16,spatial_dsl,r1c0,2,0.4215,60.95,1182.44,131.74,1266.13
16,spatial_dsl,r1c0,7,0.3469,0.29,1103.61,65.55,1304.02
16,spatial_dsl,r1c0,0,0.3292,643.06,1174.14,692.08,1267.52
16,spatial_dsl,r1c1,2,0.7946,1280.00,1149.24,1552.39,1289.47
16,spatial_dsl,r1c2,7,0.6560,3082.49,1068.26,3814.03,1371.28
17,full_frame_reference,full,2,0.7276,909.93,1188.54,1264.30,1336.46
17,full_frame_reference,full,7,0.4987,3032.62,1078.20,3751.66,1364.09
17,full_frame_reference,full,2,0.4419,402.82,1164.76,634.46,1276.85
17,full_frame_reference,full,2,0.3787,1245.74,1147.36,1545.20,1293.41
17,full_frame_reference,full,2,0.3602,3034.21,1072.87,3749.04,1363.69
17,full_frame_reference,full,0,0.2597,1661.02,1158.48,1713.01,1280.23
17,spatial_dsl,r1c0,2,0.8217,907.45,1184.72,1273.60,1337.00
17,spatial_dsl,r1c0,2,0.7305,391.72,1173.15,644.22,1276.04
17,spatial_dsl,r1c0,2,0.5597,48.04,1174.51,138.24,1268.93
17,spatial_dsl,r1c0,0,0.3555,644.65,1173.08,696.05,1266.26
17,spatial_dsl,r1c1,2,0.8487,1280.48,1148.74,1548.87,1289.07
17,spatial_dsl,r1c2,7,0.5342,3022.66,1065.66,3753.74,1364.01
18,full_frame_reference,full,2,0.6517,876.46,1186.50,1242.11,1336.44
18,full_frame_reference,full,7,0.5458,2978.57,1073.46,3684.22,1363.22
18,full_frame_reference,full,2,0.4934,1230.08,1151.85,1543.84,1293.37
18,full_frame_reference,full,2,0.4665,424.37,1164.49,636.96,1278.86
18,full_frame_reference,full,0,0.2612,648.03,1153.95,708.21,1264.70
18,spatial_dsl,r1c0,2,0.8123,883.18,1183.35,1237.71,1339.45
18,spatial_dsl,r1c0,2,0.7136,33.15,1177.42,141.81,1267.43
18,spatial_dsl,r1c0,2,0.7130,389.37,1172.84,647.97,1277.28
18,spatial_dsl,r1c0,2,0.5342,1223.19,1194.51,1279.05,1279.21
18,spatial_dsl,r1c1,2,0.8338,1280.46,1148.63,1551.47,1288.31
18,spatial_dsl,r1c1,0,0.3182,1666.03,1158.31,1714.19,1283.25
18,spatial_dsl,r1c2,7,0.6188,2956.96,1076.29,3681.05,1366.36
19,full_frame_reference,full,2,0.6955,851.88,1188.71,1201.28,1335.61
19,full_frame_reference,full,7,0.6412,2909.00,1076.44,3625.20,1365.22
19,full_frame_reference,full,2,0.4612,1226.57,1147.18,1565.34,1290.01
19,full_frame_reference,full,2,0.4122,436.23,1167.67,648.32,1277.83
19,spatial_dsl,r1c0,2,0.8917,850.19,1183.83,1204.26,1338.56
19,spatial_dsl,r1c0,2,0.7353,389.93,1171.76,650.80,1279.01
19,spatial_dsl,r1c0,2,0.6412,25.75,1177.84,146.82,1267.65
19,spatial_dsl,r1c0,2,0.3659,1223.76,1191.64,1279.04,1276.12
19,spatial_dsl,r1c1,2,0.8082,1280.59,1149.09,1545.06,1287.42
19,spatial_dsl,r1c2,7,0.5330,2906.62,1074.01,3618.09,1364.02
20,full_frame_reference,full,2,0.5675,824.17,1185.88,1182.40,1334.43
20,full_frame_reference,full,7,0.5516,2866.45,1076.04,3554.24,1360.35
20,full_frame_reference,full,0,0.4616,1668.39,1159.16,1724.16,1283.29
20,full_frame_reference,full,2,0.3790,423.76,1169.51,649.33,1280.31
20,full_frame_reference,full,2,0.3737,1226.37,1151.34,1562.34,1281.51
20,full_frame_reference,full,2,0.2825,510.89,1177.54,656.08,1272.15
20,full_frame_reference,full,2,0.2647,18.76,1175.44,152.71,1260.15
20,spatial_dsl,r1c0,2,0.8553,825.15,1184.60,1180.40,1338.24
20,spatial_dsl,r1c0,2,0.7109,396.77,1173.02,653.30,1275.20
20,spatial_dsl,r1c0,2,0.6437,14.45,1176.36,152.21,1270.30
20,spatial_dsl,r1c0,2,0.3971,1231.82,1191.75,1279.10,1275.04
20,spatial_dsl,r1c1,2,0.7984,1280.43,1152.04,1547.52,1287.38
20,spatial_dsl,r1c2,7,0.6924,2861.01,1073.85,3555.89,1365.87
21,full_frame_reference,full,7,0.5536,2805.14,1073.52,3497.82,1359.92
21,full_frame_reference,full,2,0.4891,797.64,1183.93,1153.68,1337.60
21,full_frame_reference,full,7,0.4092,800.33,1185.97,1151.90,1336.13
21,full_frame_reference,full,2,0.3589,1232.52,1149.37,1561.65,1285.86
21,full_frame_reference,full,2,0.3528,14.81,1176.87,157.89,1262.10
21,full_frame_reference,full,2,0.3160,439.57,1172.25,663.39,1272.37
21,full_frame_reference,full,2,0.2909,496.82,1176.42,667.70,1270.15
21,full_frame_reference,full,7,0.2896,1232.93,1149.57,1560.89,1290.66
21,spatial_dsl,r1c0,2,0.8344,801.70,1183.65,1148.35,1336.65
21,spatial_dsl,r1c0,2,0.6418,29.98,1176.46,155.16,1267.08
21,spatial_dsl,r1c0,2,0.5925,398.26,1172.51,667.88,1273.78
21,spatial_dsl,r1c0,2,0.4253,1232.46,1191.92,1279.12,1273.83
21,spatial_dsl,r1c1,2,0.8111,1280.00,1149.92,1543.72,1286.12
21,spatial_dsl,r1c1,0,0.4620,1680.71,1156.42,1725.37,1281.03
21,spatial_dsl,r1c2,7,0.6647,2799.63,1074.56,3491.13,1360.08
22,full_frame_reference,full,2,0.5102,772.39,1188.07,1121.23,1334.22
22,full_frame_reference,full,7,0.4479,2743.82,1077.77,3431.22,1362.57
22,full_frame_reference,full,2,0.3974,2744.98,1073.50,3432.79,1363.91
22,full_frame_reference,full,2,0.3438,444.99,1171.33,661.96,1278.88
22,full_frame_reference,full,2,0.3250,1237.38,1146.28,1573.16,1286.14
22,full_frame_reference,full,7,0.3202,1236.56,1145.88,1573.66,1291.64
22,full_frame_reference,full,2,0.2797,33.13,1176.34,161.29,1260.11
22,spatial_dsl,r1c0,2,0.8101,773.07,1184.93,1121.89,1336.98
22,spatial_dsl,r1c0,2,0.5254,33.80,1176.91,161.52,1266.49
22,spatial_dsl,r1c0,2,0.5075,410.61,1174.59,671.08,1271.84
22,spatial_dsl,r1c0,2,0.3918,1241.84,1196.58,1279.12,1274.45
22,spatial_dsl,r1c1,2,0.7579,1280.29,1148.50,1556.86,1288.02
22,spatial_dsl,r1c1,0,0.5790,1681.62,1154.59,1728.54,1280.66
22,spatial_dsl,r1c1,7,0.3124,1436.02,1036.81,2558.22,1288.09
22,spatial_dsl,r1c2,7,0.5311,2746.28,1075.45,3433.36,1360.87
23,full_frame_reference,full,2,0.6080,742.24,1188.16,1098.81,1336.32
23,full_frame_reference,full,7,0.5077,2700.59,1084.44,3374.64,1361.07
23,full_frame_reference,full,2,0.3982,431.69,1166.40,657.61,1284.12
23,full_frame_reference,full,2,0.3837,1240.65,1152.17,1562.69,1283.52
23,full_frame_reference,full,2,0.3768,49.74,1172.92,165.87,1259.71
23,full_frame_reference,full,7,0.3215,1239.53,1150.85,1563.84,1288.27
23,spatial_dsl,r1c0,2,0.8038,752.29,1186.35,1093.23,1336.92
23,spatial_dsl,r1c0,2,0.6110,413.86,1174.02,673.26,1272.89
23,spatial_dsl,r1c0,2,0.5940,37.31,1178.59,165.70,1269.40
23,spatial_dsl,r1c0,2,0.5396,406.44,1171.57,602.56,1274.65
23,spatial_dsl,r1c0,2,0.2660,1249.78,1196.54,1279.06,1272.29
23,spatial_dsl,r1c1,2,0.7311,1280.32,1149.21,1550.20,1287.87
23,spatial_dsl,r1c1,0,0.3126,1683.78,1154.84,1732.42,1282.41
23,spatial_dsl,r1c1,7,0.2927,1440.72,1055.57,1898.46,1283.47
23,spatial_dsl,r1c1,7,0.2512,1439.28,1041.78,2558.47,1285.04
23,spatial_dsl,r1c2,7,0.6310,2688.76,1076.41,3367.94,1359.58
24,full_frame_reference,full,2,0.5767,724.15,1188.47,1066.41,1333.77
24,full_frame_reference,full,7,0.5471,2634.00,1088.40,3307.34,1360.64
24,full_frame_reference,full,2,0.3589,431.56,1167.74,655.33,1280.59
24,full_frame_reference,full,2,0.3401,1249.69,1146.84,1547.31,1286.31
24,full_frame_reference,full,7,0.3393,1249.72,1145.88,1555.97,1289.58
24,full_frame_reference,full,2,0.2987,56.61,1171.73,168.48,1261.46
24,spatial_dsl,r1c0,2,0.8530,723.82,1186.29,1073.20,1336.04
24,spatial_dsl,r1c0,2,0.6773,407.78,1173.52,675.30,1275.00
24,spatial_dsl,r1c0,2,0.6503,33.72,1177.15,170.20,1272.52
24,spatial_dsl,r1c0,2,0.2687,1251.89,1196.38,1279.03,1271.50
24,spatial_dsl,r1c1,2,0.6139,1280.46,1150.39,1566.63,1287.25
24,spatial_dsl,r1c1,7,0.2802,1281.89,1147.99,1575.74,1286.25
24,spatial_dsl,r1c2,7,0.6428,2641.66,1080.48,3300.72,1361.89
25,full_frame_reference,full,7,0.6378,2590.48,1080.12,3251.50,1362.35
25,full_frame_reference,full,2,0.6059,694.48,1188.45,1048.23,1337.19
25,full_frame_reference,full,7,0.4029,697.62,1188.00,1048.39,1336.55
25,full_frame_reference,full,2,0.3497,53.83,1174.27,172.07,1262.98
25,full_frame_reference,full,7,0.3430,1256.21,1142.15,1548.67,1290.41
25,full_frame_reference,full,2,0.3311,567.26,1180.29,675.80,1271.38
25,full_frame_reference,full,2,0.3252,1256.31,1142.96,1547.95,1288.15
25,full_frame_reference,full,2,0.3194,442.17,1166.20,658.21,1279.76
25,spatial_dsl,r1c0,2,0.8347,700.95,1188.76,1048.52,1337.46
25,spatial_dsl,r1c0,2,0.6159,431.75,1172.99,674.96,1272.41
25,spatial_dsl,r1c0,2,0.5929,31.35,1176.39,177.22,1269.76
25,spatial_dsl,r1c1,2,0.6939,1280.36,1149.45,1568.76,1287.78
25,spatial_dsl,r1c2,7,0.7277,2588.21,1080.24,3235.88,1358.71
26,full_frame_reference,full,2,0.7763,676.18,1192.46,1021.18,1336.66
26,full_frame_reference,full,2,0.5030,2539.24,1085.13,3194.95,1358.63
26,full_frame_reference,full,2,0.3980,1253.07,1149.00,1557.80,1281.24
26,full_frame_reference,full,2,0.3622,567.94,1176.92,683.30,1270.69
26,full_frame_reference,full,2,0.3428,449.95,1165.97,672.98,1276.01
26,full_frame_reference,full,7,0.3278,1256.06,1150.72,1569.29,1287.90
26,full_frame_reference,full,2,0.2576,51.16,1178.26,179.48,1262.94
26,spatial_dsl,r1c0,2,0.8256,675.42,1188.74,1023.75,1337.72
26,spatial_dsl,r1c0,2,0.6200,424.68,1172.71,647.55,1276.78
26,spatial_dsl,r1c0,2,0.5900,51.12,1178.01,182.30,1269.94
26,spatial_dsl,r1c0,2,0.4509,464.57,1173.71,677.06,1271.91
26,spatial_dsl,r1c0,2,0.3002,579.00,1178.07,683.98,1273.90
26,spatial_dsl,r1c1,2,0.6904,1280.00,1149.96,1584.54,1288.45
26,spatial_dsl,r1c1,7,0.2677,1448.07,1035.60,2559.02,1286.13
26,spatial_dsl,r1c2,7,0.7522,2560.07,1075.29,3198.12,1355.08
27,full_frame_reference,full,2,0.7709,648.35,1191.25,993.13,1332.89
27,full_frame_reference,full,7,0.5463,2490.47,1081.95,3141.12,1357.31
27,full_frame_reference,full,2,0.4370,453.26,1165.22,681.29,1278.56
27,full_frame_reference,full,2,0.3516,49.54,1175.84,188.00,1263.96
27,full_frame_reference,full,7,0.3491,1263.49,1152.06,1576.04,1288.36
27,full_frame_reference,full,2,0.2911,1265.21,1152.74,1573.71,1285.24
27,full_frame_reference,full,2,0.2761,499.40,1172.91,694.80,1276.62
27,full_frame_reference,full,2,0.2655,560.84,1173.72,683.31,1276.12
27,spatial_dsl,r1c0,2,0.8094,649.42,1188.70,995.20,1338.53
27,spatial_dsl,r1c0,2,0.5742,434.76,1170.82,636.81,1278.87
27,spatial_dsl,r1c0,2,0.5246,2.28,1175.25,188.74,1271.44
27,spatial_dsl,r1c0,2,0.4994,54.51,1177.82,187.68,1268.54
27,spatial_dsl,r1c0,2,0.3721,462.34,1172.95,685.93,1272.03
27,spatial_dsl,r1c1,2,0.7726,1280.00,1150.57,1589.87,1286.30
27,spatial_dsl,r1c1,2,0.5959,2489.30,1197.94,2558.96,1344.75
27,spatial_dsl,r1c1,0,0.2703,1704.23,1155.80,1754.11,1282.37
27,spatial_dsl,r1c1,2,0.2697,2515.11,1200.18,2558.94,1345.31
27,spatial_dsl,r1c2,7,0.7242,2561.33,1078.70,3133.52,1353.50
28,full_frame_reference,full,2,0.7394,628.95,1187.59,962.52,1336.67
28,full_frame_reference,full,2,0.4852,2442.64,1082.30,3079.82,1357.63
28,full_frame_reference,full,2,0.4718,460.23,1168.35,681.19,1275.90
28,full_frame_reference,full,7,0.4193,2443.40,1084.18,3080.26,1354.03
28,full_frame_reference,full,2,0.3738,60.89,1172.75,194.56,1267.91
28,full_frame_reference,full,7,0.3682,1272.70,1142.29,1580.35,1286.46
28,full_frame_reference,full,2,0.2600,527.30,1172.70,689.50,1271.91
28,spatial_dsl,r1c0,2,0.8632,630.77,1190.36,970.99,1338.13
28,spatial_dsl,r1c0,2,0.4970,61.55,1177.95,193.20,1268.46
28,spatial_dsl,r1c0,2,0.4617,434.44,1171.73,659.47,1273.37
28,spatial_dsl,r1c0,2,0.4125,8.76,1176.88,193.52,1271.83
28,spatial_dsl,r1c1,2,0.7261,1280.00,1150.49,1586.92,1287.21
28,spatial_dsl,r1c1,2,0.5323,2439.86,1194.57,2559.28,1344.99
28,spatial_dsl,r1c1,7,0.2765,1457.64,1032.54,2559.72,1283.17
28,spatial_dsl,r1c2,2,0.4715,2561.43,1075.06,3080.14,1355.77
29,full_frame_reference,full,2,0.5991,604.62,1188.35,944.03,1333.72
29,full_frame_reference,full,2,0.5439,2398.69,1090.09,3026.62,1353.10
29,full_frame_reference,full,2,0.4686,1270.91,1132.09,1576.59,1278.86
29,full_frame_reference,full,2,0.4479,449.38,1168.75,696.54,1277.09
29,full_frame_reference,full,7,0.3783,1274.67,1137.07,1613.33,1292.13
29,full_frame_reference,full,2,0.3659,68.91,1172.19,200.28,1263.67
29,spatial_dsl,r1c0,2,0.8500,610.48,1190.09,946.30,1338.25
29,spatial_dsl,r1c0,2,0.5984,439.43,1169.86,687.98,1276.95
29,spatial_dsl,r1c0,2,0.5288,65.66,1179.33,201.31,1265.22
29,spatial_dsl,r1c0,2,0.4733,8.36,1177.79,200.12,1268.90
29,spatial_dsl,r1c1,2,0.6860,1280.03,1150.43,1588.22,1288.08
29,spatial_dsl,r1c1,2,0.4832,2404.54,1185.43,2558.88,1348.64
29,spatial_dsl,r1c1,0,0.4772,1712.36,1155.39,1762.34,1279.57
29,spatial_dsl,r1c1,7,0.4045,2395.76,1185.51,2559.32,1345.75
29,spatial_dsl,r1c1,7,0.2715,1280.00,1149.20,1598.47,1290.79
29,spatial_dsl,r1c2,7,0.6596,2560.00,1076.75,3024.71,1349.90
29,spatial_dsl,r1c2,68,0.2569,3379.50,720.00,3835.95,959.71
30,full_frame_reference,full,2,0.7614,585.29,1185.41,914.48,1334.57
30,full_frame_reference,full,2,0.5099,1277.74,1144.82,1604.25,1286.14
30,full_frame_reference,full,2,0.4705,2349.01,1092.76,2979.71,1352.94
30,full_frame_reference,full,2,0.3825,459.35,1171.27,692.85,1279.20
30,full_frame_reference,full,2,0.3137,66.08,1174.87,206.28,1260.96
30,spatial_dsl,r1c0,2,0.8930,585.45,1187.11,922.61,1337.47
30,spatial_dsl,r1c0,2,0.6453,443.07,1169.80,693.84,1277.68
30,spatial_dsl,r1c0,2,0.6076,66.54,1179.00,205.29,1268.94
30,spatial_dsl,r1c0,2,0.3913,6.34,1177.80,204.18,1271.72
30,spatial_dsl,r1c1,2,0.7317,1280.22,1150.54,1595.68,1288.57
30,spatial_dsl,r1c1,2,0.6175,2346.39,1143.32,2559.16,1347.45
30,spatial_dsl,r1c1,0,0.4768,1715.43,1153.63,1764.74,1282.00
30,spatial_dsl,r1c1,7,0.2719,1472.81,1056.39,1944.54,1282.03
30,spatial_dsl,r1c1,7,0.2572,1472.16,1043.88,2558.67,1283.32
30,spatial_dsl,r1c2,7,0.5858,2560.34,1076.13,2962.26,1346.45
30,spatial_dsl,r1c2,68,0.3280,3391.20,723.81,3744.22,944.94
31,full_frame_reference,full,2,0.5528,558.67,1187.67,906.09,1334.21
31,full_frame_reference,full,2,0.5051,2306.09,1091.61,2920.87,1354.79
31,full_frame_reference,full,2,0.3904,1283.00,1147.41,1606.71,1286.89
31,full_frame_reference,full,0,0.3804,1718.70,1157.35,1772.40,1282.53
31,full_frame_reference,full,7,0.3358,1284.47,1146.10,1615.99,1294.51
31,spatial_dsl,r1c0,2,0.7896,563.15,1188.93,906.38,1337.48
31,spatial_dsl,r1c0,2,0.6484,449.71,1170.97,687.18,1279.13
31,spatial_dsl,r1c0,2,0.6415,8.25,1181.08,214.48,1273.24
31,spatial_dsl,r1c1,2,0.7249,1280.09,1150.89,1599.17,1287.58
31,spatial_dsl,r1c1,7,0.4883,2308.59,1114.70,2559.30,1347.62
31,spatial_dsl,r1c1,2,0.4581,2308.90,1114.41,2559.24,1347.22
31,spatial_dsl,r1c2,7,0.7467,2561.04,1073.38,2894.76,1350.39
31,spatial_dsl,r1c2,68,0.2727,3391.70,720.00,3836.57,956.32
32,full_frame_reference,full,7,0.4311,2254.73,1089.16,2877.65,1353.77
32,full_frame_reference,full,2,0.4302,2253.98,1089.29,2880.54,1354.57
32,full_frame_reference,full,2,0.3921,540.94,1185.14,869.02,1334.94
32,full_frame_reference,full,7,0.3603,1289.17,1148.38,1618.84,1293.01
32,full_frame_reference,full,0,0.3584,1722.45,1158.93,1776.63,1282.53
32,full_frame_reference,full,7,0.3410,540.31,1186.06,869.56,1332.50
32,spatial_dsl,r1c0,2,0.8046,544.01,1189.63,872.20,1337.55
32,spatial_dsl,r1c0,2,0.5861,460.57,1169.40,673.06,1287.53
32,spatial_dsl,r1c0,2,0.5182,10.70,1178.92,221.81,1272.89
32,spatial_dsl,r1c0,2,0.2998,80.59,1181.88,219.67,1268.05
32,spatial_dsl,r1c1,2,0.7474,1282.64,1150.24,1596.28,1287.07
32,spatial_dsl,r1c1,7,0.4398,2257.47,1103.81,2559.10,1347.22
32,spatial_dsl,r1c1,2,0.4167,2256.90,1104.03,2557.94,1345.61
32,spatial_dsl,r1c2,7,0.7122,2560.14,1076.52,2858.50,1349.24
33,full_frame_reference,full,2,0.5753,2219.48,1079.10,2820.77,1354.46
33,full_frame_reference,full,2,0.4043,1287.39,1147.79,1608.33,1286.79
33,full_frame_reference,full,7,0.3649,1289.18,1146.97,1617.50,1292.76
33,full_frame_reference,full,7,0.3580,517.34,1184.84,846.56,1334.18
33,full_frame_reference,full,2,0.3238,98.25,1179.41,219.81,1262.07
33,full_frame_reference,full,2,0.3019,527.69,1183.14,856.26,1334.03
33,spatial_dsl,r1c0,2,0.7683,520.24,1188.52,855.09,1336.97
33,spatial_dsl,r1c0,2,0.5207,28.57,1176.03,223.54,1273.28
33,spatial_dsl,r1c0,2,0.3284,466.55,1172.15,651.07,1277.10
33,spatial_dsl,r1c1,2,0.7390,1291.10,1150.35,1608.07,1285.56
33,spatial_dsl,r1c1,7,0.4647,2217.31,1102.06,2558.91,1349.82
33,spatial_dsl,r1c1,7,0.4133,1481.96,994.49,2558.10,1284.51
33,spatial_dsl,r1c1,0,0.2742,1734.12,1154.80,1781.46,1281.90
33,spatial_dsl,r1c2,7,0.5931,2560.46,1077.50,2813.57,1349.57
33,spatial_dsl,r1c2,68,0.3231,3407.99,722.94,3761.98,947.03
34,full_frame_reference,full,2,0.6434,2179.87,1090.80,2773.91,1348.17
34,full_frame_reference,full,3,0.5036,3607.81,1192.89,3838.57,1364.31
34,full_frame_reference,full,7,0.3718,1296.43,1140.67,1620.19,1292.28
34,full_frame_reference,full,7,0.3683,499.21,1177.94,827.66,1334.77
34,full_frame_reference,full,2,0.3681,1294.35,1137.65,1595.81,1287.17
34,full_frame_reference,full,3,0.2602,3599.61,1080.41,3838.74,1362.21
34,spatial_dsl,r1c0,2,0.6622,494.13,1183.83,831.31,1335.90
34,spatial_dsl,r1c0,2,0.4978,32.64,1176.19,230.38,1275.30
34,spatial_dsl,r1c1,2,0.7335,1295.33,1150.28,1615.37,1285.63
34,spatial_dsl,r1c1,7,0.4920,2181.86,1094.10,2559.32,1351.47
34,spatial_dsl,r1c1,2,0.4831,2184.08,1097.17,2560.00,1348.81
34,spatial_dsl,r1c1,7,0.4053,1491.05,993.59,2558.62,1290.83
34,spatial_dsl,r1c1,0,0.3129,1737.99,1152.48,1785.16,1280.83
34,spatial_dsl,r1c2,7,0.6239,2560.13,1078.54,2760.13,1347.80
34,spatial_dsl,r1c2,68,0.5233,3412.58,723.13,3768.00,948.57
35,full_frame_reference,full,2,0.5692,2129.67,1088.66,2716.61,1349.79
35,full_frame_reference,full,2,0.4661,459.55,1177.90,812.06,1332.55
35,full_frame_reference,full,2,0.4591,1303.87,1141.09,1590.70,1287.30
35,full_frame_reference,full,0,0.3791,3721.66,1095.14,3812.48,1246.64
35,full_frame_reference,full,0,0.3527,3644.92,1095.07,3829.51,1357.51
35,full_frame_reference,full,3,0.3101,3546.85,1216.71,3836.92,1364.17
35,full_frame_reference,full,0,0.2981,3671.96,1091.58,3810.22,1248.83
35,spatial_dsl,r1c0,2,0.7647,474.00,1187.75,807.46,1336.23
35,spatial_dsl,r1c0,2,0.5519,33.69,1179.27,236.27,1277.75
35,spatial_dsl,r1c1,2,0.7281,1304.20,1152.09,1613.07,1286.65
35,spatial_dsl,r1c1,7,0.5231,2138.89,1087.18,2559.09,1351.55
35,spatial_dsl,r1c1,7,0.4807,1502.21,993.67,2557.66,1287.72
35,spatial_dsl,r1c1,0,0.4755,1745.57,1156.82,1789.48,1281.03
35,spatial_dsl,r1c1,2,0.3994,2138.08,1088.75,2560.00,1348.94
35,spatial_dsl,r1c2,0,0.7151,3648.45,1088.86,3821.54,1351.75
35,spatial_dsl,r1c2,7,0.4421,2560.24,1076.41,2706.88,1343.31
35,spatial_dsl,r1c2,2,0.4126,2560.64,1074.93,2703.86,1342.47
36,full_frame_reference,full,2,0.4694,2088.76,1091.84,2669.77,1349.16
36,full_frame_reference,full,7,0.4255,448.10,1181.77,781.88,1337.31
36,full_frame_reference,full,0,0.4156,3627.01,1092.91,3713.59,1239.66
36,full_frame_reference,full,2,0.3770,1314.00,1150.25,1623.75,1291.80
36,full_frame_reference,full,0,0.3530,3576.87,1090.75,3712.22,1243.89
36,full_frame_reference,full,0,0.3509,3705.31,1103.25,3808.25,1272.90
36,full_frame_reference,full,0,0.3427,3548.03,1092.73,3730.37,1356.85
36,full_frame_reference,full,0,0.3239,1747.48,1160.82,1799.86,1281.98
36,full_frame_reference,full,0,0.2941,3556.52,1093.54,3713.53,1286.27
36,full_frame_reference,full,0,0.2915,3694.57,1105.35,3828.92,1356.46
36,full_frame_reference,full,2,0.2817,453.83,1180.89,793.70,1334.28
36,full_frame_reference,full,3,0.2790,3424.35,1225.37,3836.72,1384.14
36,full_frame_reference,full,2,0.2723,102.29,1177.95,242.62,1263.38
36,full_frame_reference,full,3,0.2689,3427.02,1221.47,3718.98,1360.58
36,full_frame_reference,full,0,0.2621,3708.34,1101.98,3832.44,1248.33
36,spatial_dsl,r1c0,2,0.7846,459.61,1187.50,790.24,1336.18
36,spatial_dsl,r1c0,2,0.6291,45.68,1176.27,242.72,1280.81
36,spatial_dsl,r1c1,2,0.6329,1310.60,1150.53,1625.11,1285.59
36,spatial_dsl,r1c1,7,0.5550,2084.73,1086.03,2558.85,1352.13
36,spatial_dsl,r1c1,7,0.5542,1506.92,997.45,2558.03,1292.24
36,spatial_dsl,r1c1,0,0.3494,1748.57,1153.57,1795.03,1282.99
36,spatial_dsl,r1c2,0,0.6640,3558.02,1089.85,3718.15,1353.16
36,spatial_dsl,r1c2,0,0.5622,3712.86,1103.95,3803.80,1241.57
36,spatial_dsl,r1c2,7,0.4374,2560.41,1090.14,2667.98,1329.05
37,full_frame_reference,full,2,0.5244,2059.37,1086.35,2627.78,1351.92
37,full_frame_reference,full,7,0.4899,438.76,1178.37,768.31,1333.64
37,full_frame_reference,full,2,0.4892,1322.42,1150.86,1645.04,1289.63
37,full_frame_reference,full,2,0.4293,108.48,1178.00,250.80,1260.99
37,full_frame_reference,full,0,0.3686,3451.71,1095.63,3628.56,1352.65
37,full_frame_reference,full,0,0.3652,3601.84,1105.07,3727.03,1349.13
37,full_frame_reference,full,0,0.3350,3607.64,1103.51,3709.16,1281.12
37,full_frame_reference,full,2,0.3331,58.70,1173.38,252.35,1270.16
37,full_frame_reference,full,0,0.2858,3535.42,1095.70,3616.75,1230.46
37,full_frame_reference,full,0,0.2674,3500.57,1096.72,3620.54,1281.62
37,spatial_dsl,r1c0,2,0.8197,442.87,1184.27,765.17,1336.15
37,spatial_dsl,r1c0,2,0.5997,45.17,1179.77,249.13,1275.99
37,spatial_dsl,r1c0,2,0.4844,102.24,1180.65,248.44,1278.61
37,spatial_dsl,r1c1,2,0.6866,1312.96,1150.39,1623.59,1285.28
37,spatial_dsl,r1c1,7,0.5959,2053.24,1087.18,2558.21,1350.18
37,spatial_dsl,r1c1,7,0.3236,1509.85,983.39,2559.35,1299.66
37,spatial_dsl,r1c2,0,0.6063,3459.55,1095.66,3621.96,1350.42
37,spatial_dsl,r1c2,0,0.3726,3577.03,1099.76,3767.53,1355.53
37,spatial_dsl,r1c2,0,0.3638,2560.29,1117.40,2629.95,1300.72
38,full_frame_reference,full,2,0.6442,2013.75,1092.24,2581.17,1344.95
38,full_frame_reference,full,0,0.4616,3506.93,1101.06,3637.70,1337.73
38,full_frame_reference,full,2,0.4539,424.21,1182.44,749.98,1334.02
38,full_frame_reference,full,0,0.4194,3371.15,1095.89,3532.75,1351.62
38,full_frame_reference,full,2,0.4167,1324.33,1150.25,1643.14,1289.45
38,full_frame_reference,full,7,0.4158,422.50,1181.61,749.60,1334.41
38,full_frame_reference,full,2,0.3718,89.17,1181.34,258.76,1262.42
38,full_frame_reference,full,0,0.3038,3423.09,1096.22,3524.55,1305.59
38,spatial_dsl,r1c0,2,0.7679,427.90,1187.12,748.76,1335.57
38,spatial_dsl,r1c0,2,0.5846,56.59,1181.03,254.53,1277.68
38,spatial_dsl,r1c0,2,0.4552,110.01,1184.32,255.11,1280.64
38,spatial_dsl,r1c1,2,0.7599,1318.84,1151.56,1642.08,1285.87
38,spatial_dsl,r1c1,7,0.6049,2011.50,1083.79,2547.93,1348.66
39,full_frame_reference,full,2,0.5307,1975.18,1095.51,2538.40,1344.88
39,full_frame_reference,full,2,0.4119,73.52,1183.91,260.25,1278.30
39,full_frame_reference,full,0,0.3950,3349.30,1100.19,3432.58,1250.94
39,full_frame_reference,full,2,0.3318,1326.63,1149.87,1651.52,1291.48
39,full_frame_reference,full,0,0.3288,3409.25,1107.76,3554.14,1348.41
39,full_frame_reference,full,7,0.2985,407.43,1188.72,733.91,1333.76
39,full_frame_reference,full,0,0.2815,3314.10,1099.59,3435.10,1348.39
39,full_frame_reference,full,0,0.2801,3420.02,1106.67,3522.83,1254.00
39,full_frame_reference,full,7,0.2663,1968.62,1095.50,2541.32,1346.51
39,full_frame_reference,full,2,0.2501,406.85,1189.06,733.43,1333.39
39,spatial_dsl,r1c0,2,0.7443,402.62,1191.74,730.48,1335.99
39,spatial_dsl,r1c0,2,0.5809,63.96,1179.76,262.01,1277.89
39,spatial_dsl,r1c1,2,0.7639,1328.25,1152.06,1654.61,1284.60
39,spatial_dsl,r1c1,7,0.6133,1965.37,1086.58,2536.76,1347.19
40,full_frame_reference,full,2,0.5765,1928.83,1093.50,2501.86,1345.61
40,full_frame_reference,full,0,0.4967,3251.46,1098.92,3338.53,1235.24
40,full_frame_reference,full,0,0.4561,3326.53,1110.51,3435.80,1254.46
40,full_frame_reference,full,0,0.4108,3245.49,1102.22,3340.71,1296.35
40,full_frame_reference,full,2,0.3686,101.73,1187.39,266.86,1268.77
40,full_frame_reference,full,2,0.3576,1333.71,1149.57,1666.90,1291.51
40,full_frame_reference,full,0,0.3043,1764.21,1162.40,1815.55,1281.40
40,full_frame_reference,full,0,0.2852,3317.17,1108.21,3444.96,1337.55
40,full_frame_reference,full,7,0.2850,384.14,1196.56,711.85,1333.06
40,spatial_dsl,r1c0,2,0.8126,387.13,1193.08,709.84,1336.26
40,spatial_dsl,r1c0,2,0.6226,75.00,1183.30,268.45,1279.00
40,spatial_dsl,r1c0,2,0.3461,610.31,1179.86,776.44,1276.92
40,spatial_dsl,r1c1,2,0.8108,1333.73,1153.09,1668.61,1284.15
40,spatial_dsl,r1c1,7,0.6870,1928.23,1086.14,2493.20,1347.58
40,spatial_dsl,r1c1,0,0.2587,1768.20,1156.32,1819.60,1282.98
41,full_frame_reference,full,2,0.5523,357.08,1207.92,686.06,1337.04
41,full_frame_reference,full,0,0.5202,3246.09,1109.80,3339.11,1246.92
41,full_frame_reference,full,2,0.5134,1892.75,1095.62,2455.93,1343.23
41,full_frame_reference,full,0,0.4804,3154.35,1101.24,3254.06,1247.48
41,full_frame_reference,full,2,0.4339,1339.23,1148.90,1671.92,1290.37
41,full_frame_reference,full,2,0.4060,98.02,1186.00,274.75,1265.14
41,full_frame_reference,full,2,0.3321,650.61,1174.63,788.51,1278.66
41,spatial_dsl,r1c0,2,0.8235,354.40,1199.94,687.63,1336.04
41,spatial_dsl,r1c0,2,0.6384,77.78,1181.69,279.43,1278.00
41,spatial_dsl,r1c0,2,0.3388,606.31,1182.89,771.69,1276.45
41,spatial_dsl,r1c1,2,0.7720,1341.45,1154.74,1671.18,1285.16
41,spatial_dsl,r1c1,7,0.6790,1897.61,1091.59,2450.29,1348.79
41,spatial_dsl,r1c1,0,0.3407,1778.01,1160.04,1823.76,1285.54
42,full_frame_reference,full,2,0.6015,344.92,1202.85,680.31,1334.96
42,full_frame_reference,full,2,0.5811,1859.79,1094.77,2409.82,1347.28
42,full_frame_reference,full,0,0.4095,3062.36,1102.36,3171.48,1245.23
42,full_frame_reference,full,0,0.4029,3160.45,1117.03,3247.06,1245.53
42,full_frame_reference,full,0,0.3959,3096.49,1104.49,3165.17,1245.68
42,full_frame_reference,full,2,0.3952,109.35,1188.48,286.17,1271.53
42,full_frame_reference,full,2,0.3620,639.03,1176.52,789.29,1280.21
42,full_frame_reference,full,7,0.3509,1347.92,1060.59,2015.95,1299.40
42,full_frame_reference,full,0,0.3264,3033.30,1102.91,3175.39,1309.09
42,full_frame_reference,full,2,0.3138,1343.13,1148.99,1661.19,1288.21
42,full_frame_reference,full,0,0.2948,3134.94,1130.46,3268.13,1340.18
42,full_frame_reference,full,0,0.2913,3161.64,1129.69,3252.90,1307.35
42,spatial_dsl,r1c0,2,0.8758,351.60,1199.42,673.91,1335.75
42,spatial_dsl,r1c0,2,0.5425,89.85,1181.91,285.28,1276.84
42,spatial_dsl,r1c0,2,0.4806,141.91,1188.70,284.67,1277.59
42,spatial_dsl,r1c0,2,0.3729,585.11,1182.59,782.08,1274.81
42,spatial_dsl,r1c0,2,0.2553,0.07,1173.01,22.57,1266.92
42,spatial_dsl,r1c1,7,0.7321,1860.33,1087.00,2409.85,1347.61
42,spatial_dsl,r1c1,2,0.7170,1348.61,1156.33,1670.84,1285.36
42,spatial_dsl,r1c1,0,0.4155,1780.01,1154.35,1830.73,1284.94
42,spatial_dsl,r1c1,7,0.3132,1537.87,1052.63,2000.76,1286.61
42,spatial_dsl,r1c1,7,0.2592,1347.06,1152.09,1672.63,1293.22
43,full_frame_reference,full,2,0.5678,339.10,1206.48,650.98,1337.31
43,full_frame_reference,full,7,0.4928,1350.35,1059.83,2018.07,1297.22
43,full_frame_reference,full,0,0.4762,3081.38,1119.93,3168.75,1258.00
43,full_frame_reference,full,0,0.4658,3008.66,1107.73,3083.42,1241.36
43,full_frame_reference,full,2,0.4583,1825.14,1096.65,2363.56,1345.15
43,full_frame_reference,full,7,0.4083,1827.75,1096.81,2361.73,1346.02
43,full_frame_reference,full,2,0.3371,125.95,1188.58,294.50,1275.07
43,full_frame_reference,full,2,0.2691,635.23,1181.49,783.19,1278.90
43,full_frame_reference,full,0,0.2592,3072.99,1120.52,3190.75,1348.09
43,spatial_dsl,r1c0,2,0.8522,340.28,1199.41,649.22,1338.29
43,spatial_dsl,r1c0,2,0.6036,611.73,1178.50,785.60,1280.12
43,spatial_dsl,r1c0,2,0.5201,95.07,1181.96,289.86,1278.31
43,spatial_dsl,r1c0,2,0.3436,0.11,1175.44,36.70,1272.76
43,spatial_dsl,r1c0,2,0.3117,93.76,1187.77,196.82,1277.91
43,spatial_dsl,r1c0,2,0.2977,135.91,1183.59,289.84,1263.58
43,spatial_dsl,r1c1,2,0.7673,1349.71,1153.85,1669.34,1288.85
43,spatial_dsl,r1c1,7,0.7095,1822.42,1088.57,2366.95,1348.45
43,spatial_dsl,r1c1,7,0.6928,1544.09,1057.85,1999.75,1286.69
44,full_frame_reference,full,7,0.5330,1354.87,1056.28,2021.65,1299.52
44,full_frame_reference,full,2,0.4811,1783.57,1096.88,2333.89,1346.69
44,full_frame_reference,full,2,0.4777,325.14,1198.10,626.98,1334.17
44,full_frame_reference,full,0,0.4464,2926.69,1108.77,2998.77,1247.80
44,full_frame_reference,full,0,0.3555,2994.29,1116.88,3082.83,1277.82
44,full_frame_reference,full,7,0.3454,1779.20,1094.34,2335.57,1346.19
44,full_frame_reference,full,2,0.2818,169.36,1190.09,297.18,1269.64
44,full_frame_reference,full,0,0.2785,2979.79,1123.86,3098.36,1335.55
44,full_frame_reference,full,2,0.2522,628.41,1173.05,802.61,1274.80
44,spatial_dsl,r1c0,2,0.8308,319.72,1199.99,635.46,1337.09
44,spatial_dsl,r1c0,2,0.6997,101.62,1186.56,298.64,1278.73
44,spatial_dsl,r1c0,2,0.5360,616.36,1180.00,789.71,1280.28
44,spatial_dsl,r1c0,2,0.2928,0.00,1171.41,42.11,1273.95
44,spatial_dsl,r1c1,7,0.7342,1781.21,1093.16,2328.51,1351.28
44,spatial_dsl,r1c1,2,0.6253,1358.56,1153.60,1676.26,1289.13
44,spatial_dsl,r1c1,7,0.4407,1363.85,1055.97,2025.44,1286.68
44,spatial_dsl,r1c1,7,0.3359,1555.36,1060.33,2015.34,1285.01
45,full_frame_reference,full,0,0.4746,2907.73,1115.27,2995.50,1248.35
45,full_frame_reference,full,2,0.4505,1752.73,1095.98,2287.72,1345.25
45,full_frame_reference,full,2,0.4360,305.77,1201.57,617.63,1336.93
45,full_frame_reference,full,7,0.4281,1747.20,1096.61,2286.30,1343.86
45,full_frame_reference,full,0,0.4146,2824.00,1101.63,2916.77,1249.49
45,full_frame_reference,full,2,0.3982,148.06,1185.20,306.61,1273.25
45,full_frame_reference,full,2,0.2980,619.26,1178.81,795.15,1280.32
45,full_frame_reference,full,7,0.2977,1373.56,1060.78,2040.31,1296.65
45,spatial_dsl,r1c0,2,0.8089,302.78,1203.04,616.36,1336.68
45,spatial_dsl,r1c0,2,0.6099,106.48,1185.80,305.11,1280.66
45,spatial_dsl,r1c0,2,0.4282,616.22,1178.78,795.44,1282.49
45,spatial_dsl,r1c0,0,0.3549,486.79,1109.45,533.06,1178.12
45,spatial_dsl,r1c0,0,0.2816,749.99,1181.14,793.08,1280.73
45,spatial_dsl,r1c1,7,0.7486,1748.81,1091.00,2292.05,1346.60
45,spatial_dsl,r1c1,2,0.6356,1361.59,1155.92,1680.46,1287.75
45,spatial_dsl,r1c1,7,0.4041,1552.31,1060.01,2017.45,1287.11
46,full_frame_reference,full,2,0.5875,295.72,1205.37,597.66,1337.25
46,full_frame_reference,full,7,0.4945,1722.77,1097.82,2251.32,1342.82
46,full_frame_reference,full,0,0.4781,2767.72,1109.63,2839.95,1246.96
46,full_frame_reference,full,7,0.4698,1376.03,1060.89,2045.37,1293.74
46,full_frame_reference,full,2,0.4024,185.65,1194.72,313.02,1270.20
46,full_frame_reference,full,0,0.3719,2834.72,1128.63,2912.81,1255.39
46,full_frame_reference,full,0,0.3243,2837.61,1136.51,2917.06,1286.08
46,full_frame_reference,full,2,0.2846,136.69,1191.54,312.99,1265.43
46,full_frame_reference,full,3,0.2814,2615.63,1228.69,2968.90,1354.66
46,full_frame_reference,full,2,0.2521,624.07,1173.56,797.11,1281.86
46,spatial_dsl,r1c0,2,0.8608,289.67,1202.78,602.74,1336.83
46,spatial_dsl,r1c0,2,0.6568,116.52,1186.48,314.36,1280.87
46,spatial_dsl,r1c0,2,0.4439,165.39,1195.53,314.23,1282.22
46,spatial_dsl,r1c0,2,0.2796,641.54,1181.26,803.41,1281.22
46,spatial_dsl,r1c0,0,0.2731,10.50,1176.58,56.04,1275.59
46,spatial_dsl,r1c1,7,0.5966,1718.06,1092.76,2250.38,1348.78
46,spatial_dsl,r1c1,2,0.5767,1369.31,1156.80,1678.06,1287.43
46,spatial_dsl,r1c1,7,0.3239,1368.24,1057.99,2007.24,1292.59
47,full_frame_reference,full,2,0.5773,281.92,1208.95,598.10,1340.21
47,full_frame_reference,full,7,0.4978,1687.14,1106.34,2204.95,1341.75
47,full_frame_reference,full,3,0.3678,2534.40,1221.18,2882.45,1358.09
47,full_frame_reference,full,2,0.3552,197.76,1195.74,317.40,1270.21
47,full_frame_reference,full,2,0.3530,1687.61,1102.90,2212.17,1346.07
47,full_frame_reference,full,0,0.3256,2760.14,1124.85,2836.60,1250.19
47,full_frame_reference,full,0,0.3162,2687.50,1113.47,2761.08,1249.89
47,full_frame_reference,full,0,0.2703,2680.98,1113.63,2767.02,1296.04
47,full_frame_reference,full,2,0.2608,151.28,1191.04,310.72,1270.85
47,spatial_dsl,r1c0,2,0.8814,275.59,1205.95,585.67,1337.74
47,spatial_dsl,r1c0,2,0.6867,125.62,1189.54,317.54,1282.50
47,spatial_dsl,r1c0,2,0.4923,177.22,1197.64,319.12,1282.92
47,spatial_dsl,r1c0,0,0.3967,762.09,1178.59,804.87,1282.52
47,spatial_dsl,r1c0,2,0.3013,124.63,1187.42,226.60,1279.39
47,spatial_dsl,r1c0,0,0.2895,22.71,1180.48,68.22,1276.34
47,spatial_dsl,r1c1,7,0.6645,1682.43,1098.93,2209.20,1348.28
47,spatial_dsl,r1c1,2,0.4347,1372.37,1157.27,1696.71,1287.15
47,spatial_dsl,r1c1,7,0.3943,1368.40,1064.57,2032.41,1290.90
48,full_frame_reference,full,2,0.6314,257.56,1209.94,588.77,1340.24
48,full_frame_reference,full,2,0.5448,1646.18,1106.42,2174.59,1347.98
48,full_frame_reference,full,3,0.4689,2456.69,1221.45,2804.72,1357.33
48,full_frame_reference,full,7,0.3366,1645.45,1104.35,2170.61,1348.56
48,full_frame_reference,full,2,0.2924,1376.67,1145.93,1679.13,1289.92
48,full_frame_reference,full,2,0.2904,135.46,1203.85,276.81,1283.38
48,full_frame_reference,full,0,0.2865,2617.63,1112.20,2684.54,1246.88
48,full_frame_reference,full,2,0.2790,136.40,1197.47,307.59,1275.58
48,full_frame_reference,full,0,0.2768,2685.39,1129.14,2753.24,1246.56
48,full_frame_reference,full,3,0.2627,2457.39,1236.25,2720.62,1356.91
48,full_frame_reference,full,0,0.2587,2591.30,1109.83,2682.82,1246.72
48,spatial_dsl,r1c0,2,0.8600,257.86,1206.73,568.42,1336.27
48,spatial_dsl,r1c0,2,0.6760,134.16,1192.46,322.18,1282.43
48,spatial_dsl,r1c0,2,0.3596,646.07,1180.60,812.41,1283.19
48,spatial_dsl,r1c0,2,0.2751,555.24,1181.04,810.60,1285.64
48,spatial_dsl,r1c1,7,0.6199,1646.54,1100.10,2178.38,1347.63
48,spatial_dsl,r1c1,2,0.5087,1380.08,1156.24,1690.11,1287.41
48,spatial_dsl,r1c1,3,0.4249,2453.50,1224.46,2559.14,1351.15
48,spatial_dsl,r1c1,7,0.3068,1382.47,1056.19,2061.38,1292.78
48,spatial_dsl,r1c1,3,0.2515,2511.95,1232.52,2559.09,1349.58
49,full_frame_reference,full,2,0.5146,249.16,1210.58,543.72,1339.63
49,full_frame_reference,full,7,0.5042,1605.76,1110.39,2142.79,1344.21
49,full_frame_reference,full,0,0.4251,2542.90,1117.88,2607.50,1249.60
49,full_frame_reference,full,2,0.3977,1605.14,1112.12,2145.31,1346.25
49,full_frame_reference,full,3,0.3589,2390.09,1222.80,2713.30,1357.55
49,full_frame_reference,full,0,0.3551,2606.09,1131.48,2685.23,1256.35
49,full_frame_reference,full,7,0.3070,251.95,1209.21,543.46,1344.77
49,full_frame_reference,full,2,0.2714,134.66,1198.24,293.80,1285.88
49,spatial_dsl,r1c0,2,0.8734,240.44,1207.51,553.94,1337.38
49,spatial_dsl,r1c0,2,0.7431,138.85,1191.08,321.94,1284.96
49,spatial_dsl,r1c0,3,0.3036,613.86,1174.87,821.34,1284.57
49,spatial_dsl,r1c1,7,0.5929,1617.78,1110.65,2137.28,1347.30
49,spatial_dsl,r1c1,7,0.4587,1387.98,1058.24,2109.05,1290.13
49,spatial_dsl,r1c1,3,0.4121,2389.31,1204.02,2558.85,1350.66
49,spatial_dsl,r1c1,2,0.3569,1386.79,1157.29,1700.43,1283.86
50,full_frame_reference,full,7,0.5437,1576.01,1111.19,2102.36,1346.41
50,full_frame_reference,full,2,0.4501,236.51,1211.95,531.28,1342.38
50,full_frame_reference,full,0,0.2727,2541.92,1137.82,2611.93,1266.71
50,spatial_dsl,r1c0,2,0.8783,233.46,1208.08,528.76,1335.62
50,spatial_dsl,r1c0,2,0.6817,146.97,1191.24,325.62,1286.08
50,spatial_dsl,r1c0,2,0.3963,198.96,1193.48,326.07,1277.10
50,spatial_dsl,r1c1,7,0.5999,1582.56,1113.18,2100.01,1348.31
50,spatial_dsl,r1c1,7,0.5596,1393.13,1063.33,1985.49,1283.16
50,spatial_dsl,r1c1,0,0.5533,2469.03,1120.73,2544.39,1249.14
50,spatial_dsl,r1c1,0,0.4231,2427.02,1121.93,2545.76,1255.47
50,spatial_dsl,r1c1,3,0.2828,2322.20,1227.25,2557.13,1351.39
